Stock Symbol,Beta,Dividend Yield,EPS (TTM),Ex-Dividend Date,Latest Dividend,Market Value,P/E Ratio (TTM),Percent of Float,Shares Outstanding,Short Interest,Short Interest Change,Volume
2GO,0.46,,₱0.22,,,₱33.24B,62.65,,,N/A (),,237.61K
AAA,2.01,,,,,,,,800M,N/A (),,
AB,0.17,,-₱0.01,,,₱11.45B,,,,N/A (),,31.64K
ABA,0.67,,₱1.109,,,₱10.55B,2.27,,4.19B,N/A (),,7.95M
ABG,0.2,,-₱0.014,,,₱999M,,,,N/A (),,2.6K
ABS,0.36,0.00%,-₱2.93,11-Mar-19,₱0.55,₱6.39B,,,899.85M,N/A (),,188.68K
ABSP,0.36,0.00%,-₱2.93,11-Mar-19,₱0.55,₱6.39B,,,899.85M,N/A (),,188.68K
AC,1.12,1.05%,₱46.09,22-Dec-22,₱3.46,₱419.79B,14.23,,619.15M,N/A (),,243.09K
ACE,0.06,,-₱0.211,,,₱548.15M,,,,N/A (),,3.74K
ACEN,0.72,1.00%,₱0.37,09-Mar-18,₱0.04,₱238.06B,16.22,,39.68B,N/A (),,25.49M
ACR,0.3,2.60%,₱0.092,27-Jun-18,₱0.020,₱4.97B,8.33,,,N/A (),,60.94K
AEV,1.09,2.67%,₱4.41,19-Mar-20,₱1.30,₱311.91B,12.47,,5.63B,N/A (),,2M
AGI,0.92,0.87%,₱1.73,25-Nov-22,₱0.12,₱119.48B,7.99,,9.07B,N/A (),,2.12M
ALCO,0.38,2.40%,₱0.108,06-Jul-22,₱0.012,₱2.71B,4.63,,,N/A (),,116.72K
ALHI,-0.04,0.50%,₱0.47,29-May-23,₱0.03,₱6.08B,12.74,,,N/A (),,4.91K
ALI,1.26,1.09%,₱1.35,02-Mar-23,₱0.15,₱397.04B,19.47,,14.98B,N/A (),,11.35M
ALLDY,0.65,,₱0.013,,,₱5.05B,16.42,,22.86B,N/A (),,11.95M
ALLHC,0.69,,₱0.161,,,₱18.01B,17.83,,6.3B,N/A (),,1.37M
ALTER,-0.38,,,,,₱3.66B,,,3.93B,N/A (),,20.95M
ANI,0.15,,₱0.01,,,₱7.57B,763.54,,,N/A (),,7.83M
ANS,0.13,4.55%,₱0.60,12-Mar-21,₱0.50,₱13.5B,18.29,,,N/A (),,53.99K
AP,0.74,4.97%,₱3.74,14-Mar-23,₱1.87,₱276.32B,10.05,,,N/A (),,1.19M
APC,0.37,,₱0.000,,,₱1.68B,,,,N/A (),,2.96M
APL,0.53,,₱0.000,,,₱9.07B,,,292.69B,N/A (),,266.82M
APO,0.45,,-₱0.053,,,₱1.92B,,,,N/A (),,88.89K
APVI,0.53,,₱1.11,,,₱1.09B,9.85,,100M,N/A (),,9.89K
APX,0.48,,₱0.572,,,₱16.68B,5.17,,,N/A (),,8.89M
AR,0.42,,₱0.000,,,₱916.76M,,,,N/A (),,41.82B
ARA,0.23,,₱-0.002,,,₱1.81B,,,,N/A (),,200.34K
AREIT,0.32,6.13%,₱1.91,07-Mar-23,₱0.52,₱59.88B,17.76,,1.76B,N/A (),,615.25K
ASLAG,0.65,,,,,,,,1.5B,N/A (),,708.18K
AT,0.28,,₱0.905,,,₱14.3B,4.55,,,N/A (),,286.12K
ATI,0,5.89%,₱1.51,20-May-22,₱0.81,₱29.56B,9.97,,,N/A (),,61.18K
ATN,0.58,,₱0.001,,,₱2.68B,354.55,,4.03B,N/A (),,884.15K
AUB,0.18,4.62%,₱12.91,11-Jun-19,₱1.00,₱21.11B,3.35,,,N/A (),,13.03K
AXLM,0.5,,₱0.258,,,₱9.12B,9.23,,3.8B,N/A (),,866.38K
BALAI,0.64,,,,,,,,1.5B,N/A (),,10.04M
BC,0.46,,₱2.113,,,₱2.8B,2.09,,375M,N/A (),,68.47K
BCOR,0.25,,₱0.16,,,₱32.52B,45.06,,,N/A (),,2.46K
BDO,1.18,2.21%,₱10.08,08-Mar-23,₱0.75,₱713.33B,13.47,,5.26B,N/A (),,3.49M
BEL,0.35,5.00%,₱0.160,10-Mar-23,₱0.060,₱10.21B,7.5,,9.7B,N/A (),,419.58K
BH,1.68,,₱0.82,,,₱339.99M,831.5,,,N/A (),,0.15
BHI,0.69,,-₱0.007,,,₱600M,,,,N/A (),,24.93M
BKR,0.41,,₱0.022,,,₱2.26B,65.91,,,N/A (),,152.71K
BLOOM,0.86,,₱0.47,,,₱121.2B,23.32,,10.84B,N/A (),,5.74M
BMM,0.04,,-₱4.43,,,₱312M,,,,N/A (),,4
BNCOM,0.38,,₱1.22,,,₱10B,5.86,,1.4B,N/A (),,19.67K
BPI,0.93,0.00%,₱7.90,25-Nov-22,₱0.97,₱512.42B,13,,4.92B,N/A (),,1.98M
BRN,0.7,,₱0.269,,,₱1.87B,2.82,,2.37B,N/A (),,112.02K
BSC,0.45,,₱0.007,,,₱3.6B,37.69,,14.67B,N/A (),,5.58M
C,0.72,,-₱1.346,,,₱2.1B,,,,N/A (),,189.62K
CA,0.17,2.25%,₱0.96,04-Apr-23,₱0.84,₱833.41M,39.24,,,N/A (),,858.46
CAT,0.09,0.00%,₱0.34,13-Jul-18,₱0.18,₱2.53B,31.42,,238.5M,N/A (),,6.71K
CDC,0.39,0.00%,₱0.212,08-Jun-22,₱0.022,₱3.64B,3.44,,4.86B,N/A (),,71.17K
CEB,0.82,0.00%,-₱9.80,10-Jun-19,₱1.83,₱27.19B,,,618.58M,N/A (),,147.99K
CEI,0.35,,₱0.003,,,₱1.26B,24.71,,,N/A (),,1.94M
CEU,0.36,8.49%,₱0.85,08-Nov-22,₱0.60,₱2.48B,8.34,,,N/A (),,3.42K
CHI,0.12,0.00%,₱0.26,06-Dec-19,₱0.15,₱13.2B,23.92,,,N/A (),,19.36K
CHIB,0.29,5.97%,₱7.10,02-May-23,₱1.00,₱85.99B,4.48,,2.69B,N/A (),,280.06K
CHP,0.6,,-₱0.121,,,₱13.35B,,,,N/A (),,3.9M
CIC,0.52,3.65%,₱0.57,22-May-20,₱0.70,₱5.44B,23.93,,397.91M,N/A (),,2.47K
CIP,0.3,,₱0.21,,,₱1.6B,724.3,,,N/A (),,2.31
CLI,0.2,7.03%,₱0.938,19-Apr-22,₱0.038,₱8.94B,2.73,,3.47B,N/A (),,412.85K
CNPF,0.44,1.53%,₱1.44,26-Jul-22,₱0.18,₱94.4B,18.25,,,N/A (),,1.39M
CNVRG,0.63,,₱1.02,,,₱83.42B,11.53,,7.27B,N/A (),,3.59M
COAL,0.06,,-₱0.010,,,₱732M,,,,N/A (),,71.69K
COL,0.07,1.40%,₱0.051,27-Apr-20,₱0.052,₱14.47B,58.48,,4.76B,N/A (),,301.2K
COSCO,0.43,3.72%,₱1.04,13-Jan-23,₱0.14,₱36.93B,4.94,,7.17B,N/A (),,2.51M
CPG,0.47,0.00%,₱0.060,04-Oct-21,₱0.005,₱4.06B,5.8,,,N/A (),,1.22M
CPM,0.15,,₱0.045,,,₱8.77B,69.89,,,N/A (),,28.6K
CREIT,0.3,7.10%,₱0.211,06-Jun-23,₱0.047,₱16.49B,11.97,,6.55B,N/A (),,1.83M
CROWN,0.13,5.84%,₱0.343,25-Aug-23,₱0.040,₱940.38M,4.49,,610.64M,N/A (),,76.85K
CSB,-0.39,,-₱10.21,,,₱1.28B,,,150.6M,N/A (),,89.23
CTS,0.32,,₱0.008,,,₱6.05B,104.82,,6.88B,N/A (),,862.05K
CYBR,0.36,,₱0.015,,,₱2.31B,22.45,,,N/A (),,942.62K
DD,0.41,3.32%,₱1.99,11-Oct-22,₱0.23,₱16.49B,3.52,,2.35B,N/A (),,165.93K
DDMPR,0.26,,₱0.334,,,₱22.82B,3.9,,,N/A (),,1.41M
DELM,0.35,8.70%,₱1.34,08-Jul-22,₱0.95,₱18.65B,8.14,,,N/A (),,40.61K
DFNN,0.19,,-₱0.399,,,₱913.1M,,,,N/A (),,244.54K
DHI,0.3,0.00%,₱0.032,06-Mar-18,₱0.100,₱6.83B,98.75,,,N/A (),,191.28K
DITO,0.78,,-₱0.803,,,₱35.23B,,,15.67B,N/A (),,4.66M
DIZ,0.01,,-₱0.108,,,₱308.44M,,,,N/A (),,9.03K
DMC,0.88,7.35%,₱2.07,12-Apr-21,₱0.13,₱127.46B,4.74,,,N/A (),,6.82M
DMW,0.23,1.12%,₱0.62,27-Mar-23,₱0.07,₱22.75B,10.74,,,N/A (),,28.9K
DNA,0.58,,-₱0.100,,,,,,,N/A (),,
DNL,0.59,3.08%,₱0.46,16-Jun-22,₱0.19,₱55.36B,16.75,,,N/A (),,2.09M
DWC,0.41,,-₱0.058,,,₱1.17B,,,,N/A (),,18.6K
ECP,0.53,,₱0.229,,,₱585M,17.01,,,N/A (),,5.32K
EEI,0.46,,-₱0.09,,,₱5.63B,,,,N/A (),,1.9M
EG,0.26,,₱0.000,,,₱282M,,,,N/A (),,
ELI,0.24,,₱0.049,,,₱2.69B,3.73,,,N/A (),,365.69K
EMI,0.26,1.92%,₱0.64,26-Apr-18,₱0.15,₱328.11B,32.58,,15.74B,N/A (),,2.56M
ENEX,0.61,,-₱0.30,,,₱2.74B,,,,N/A (),,35.5K
EURO,0.55,2.35%,₱0.049,28-Oct-22,₱0.020,₱3.45B,17.49,,,N/A (),,13.78K
EVER,0.46,,₱0.429,,,₱1.15B,0.53,,,N/A (),,1.47M
EW,0.6,5.71%,₱2.06,09-May-23,₱0.41,₱15.77B,3.49,,,N/A (),,191.19K
FAF,0.12,,-₱0.392,,,₱694.81M,,,,N/A (),,3.86K
FB,0.4,3.96%,₱3.68,19-May-23,₱0.40,₱280.1B,12.77,,,N/A (),,233.31K
FCG,0.82,,,,,,,,5.47B,N/A (),,56.6M
FDC,0.41,1.13%,₱0.65,17-May-23,₱0.07,₱49.99B,8.85,,,N/A (),,42.76K
FERRO,0.26,,₱0.006,,,₱712.16M,426.98,,,N/A (),,76.29K
FEU,0.07,5.18%,₱68.19,29-Sep-22,₱14.00,₱12.95B,7.93,,,N/A (),,108.77
FFI,0.07,5.18%,₱68.19,29-Sep-22,₱14.00,₱12.95B,7.93,,,N/A (),,108.77
FGEN,0.5,4.28%,₱4.40,02-Dec-20,₱0.28,₱62.44B,4.09,,3.6B,N/A (),,268.15K
FILRT,0.08,6.98%,₱0.27,28-Feb-23,₱0.07,₱25.49B,19.49,,4.89B,N/A (),,624.83K
FJP,-0.34,7.21%,₱0.052,07-Jul-22,₱0.050,₱764.42M,39.77,,,N/A (),,107.69
FLI,0.5,4.86%,₱0.119,11-Nov-20,₱0.026,₱17.7B,6.21,,,N/A (),,8.01M
FMETF,0.5,4.86%,₱0.119,11-Nov-20,₱0.026,₱17.7B,6.21,,,N/A (),,8.01M
FNI,0.72,,₱0.370,,,₱11.79B,6.09,,5.24B,N/A (),,3.75M
FOOD,0.21,,-₱0.079,,,₱1.37B,,,,N/A (),,98.09K
FPH,0.32,3.43%,₱26.34,17-May-23,₱1.10,₱30.15B,2.44,,472.62M,N/A (),,37.18K
FPI,0.06,,₱0.003,,,₱422.96M,92,,,N/A (),,39.38K
FRUIT,0.66,,₱0.036,,,₱2.54B,33.7,,,N/A (),,1.88M
FYN,,,-₱0.439,,,,,,,N/A (),,
GEO,0.13,,₱-0.001,,,₱633.5M,,,,N/A (),,3.47M
GERI,0.48,,₱0.171,,,₱9.56B,5.08,,,N/A (),,149.92K
GLO,0.61,6.00%,₱192.05,15-May-23,₱25.00,₱246.34B,8.86,,144.06M,N/A (),,167.47K
GMA7,0.3,20.96%,₱0.81,18-Apr-23,₱1.10,₱33.03B,11.8,,3.36B,N/A (),,720.14K
GMAP,0.3,20.96%,₱0.81,18-Apr-23,₱1.10,₱33.03B,11.8,,3.36B,N/A (),,720.14K
GPH,0.08,,-₱0.33,,,₱596.26M,,,,N/A (),,575.38
GREEN,0.73,,-₱0.009,,,₱3.02B,,,2.6B,N/A (),,12.29M
GSMI,0.18,5.42%,₱19.84,16-Aug-21,₱1.00,₱41.2B,7.2,,,N/A (),,70.3K
GTCAP,0.95,0.63%,₱82.57,29-Mar-23,₱3.00,₱101.18B,5.75,,,N/A (),,166.84K
HI,0.21,0.00%,₱1.127,12-Aug-19,₱0.065,₱3.73B,4.26,,,N/A (),,78.18K
HLCM,0.35,0.00%,₱0.136,11-Jun-21,₱0.430,₱25.49B,28.58,,,N/A (),,128.74K
HOME,0.7,4.28%,₱0.249,24-Nov-21,₱0.053,₱6.79B,7.23,,,N/A (),,6.77M
HOUSE,0.06,,₱1.41,,,₱50.14B,6.59,,5.39B,N/A (),,13.68K
HTI,0.35,,₱0.055,,,₱2.43B,17.36,,2.5B,N/A (),,331.29K
HVN,0.11,,₱2.49,,,₱517.23B,320.71,,,N/A (),,4.04K
I,0,,-₱0.647,,,₱483.19M,,,,N/A (),,8.32K
ICT,0.99,5.00%,₱16.29,25-Mar-21,₱2.37,₱410.95B,12.28,,2.03B,N/A (),,1.31M
IDC,0.89,,₱0.038,,,₱459.59M,18.77,,629.57M,N/A (),,290.02K
IMI,0.57,0.00%,-₱0.14,22-Apr-19,₱0.11,₱11.22B,,,,N/A (),,123.43K
IMP,0.11,,-₱0.006,,,₱482.85M,,,,N/A (),,8.29K
INFRA,0.63,,₱0.540,,,₱5.15B,1.58,,,N/A (),,2M
ION,0.16,,₱0.334,,,₱584.38M,2.16,,,N/A (),,3.05M
IPM,0.64,,₱0.06,,,₱4.14B,100.33,,,N/A (),,530.77
IPO,-0.03,19.81%,₱0.74,25-Apr-23,₱0.19,₱8.04B,10.45,,,N/A (),,14.45K
IS,0.69,,,,,₱703.55M,,,,N/A (),,54.13M
JAS,0.14,,₱0.035,,,₱445.11M,50.57,,,N/A (),,2.2K
JFC,0.99,1.03%,₱6.15,27-Apr-23,₱1.07,₱249.14B,36.19,,1.12B,N/A (),,512.49K
JGS,1.34,0.82%,₱1.12,18-May-23,₱0.40,₱376.05B,43.3,,7.52B,N/A (),,1.48M
JOH,0.03,,₱0.592,,,₱1.14B,6.84,,,N/A (),,723.08
KEEPR,0.38,,₱0.231,,,₱22.92B,6.72,,14.51B,N/A (),,8.64M
KEP,1.01,,₱1.85,,,₱2.31B,4.3,,,N/A (),,17.89K
KPH,-0.08,1.37%,₱0.08,04-Jul-22,₱0.10,₱462.26M,92.29,,35.76M,N/A (),,76.92
KPPI,0.64,,₱0.000,,,₱303.6M,,,,N/A (),,3.02K
LAND,0.26,3.64%,₱0.274,17-Jun-22,₱0.029,₱1.29B,3.03,,1.5B,N/A (),,466.63K
LBC,-0.05,0.00%,-₱0.38,18-Nov-20,₱0.20,₱25.32B,,,,N/A (),,410.77
LC,0.1,,-₱0.009,,,₱6.86B,,,,N/A (),,2.44M
LFM,0.54,3.23%,-₱0.75,08-Jun-21,₱0.50,₱2.33B,,,,N/A (),,1.01K
LMG,-0.02,,-₱0.009,,,₱572.89M,,,,N/A (),,784.62
LODE,0.26,,₱0.000,,,₱1.95B,,,,N/A (),,4.51M
LOTO,0.03,5.32%,₱0.323,31-Jul-18,₱0.150,₱1.61B,5.82,,,N/A (),,23.28K
LPC,0.69,,₱-0.002,,,₱2B,,,25B,N/A (),,416.92K
LPZ,0.3,1.27%,₱1.286,20-Jun-22,₱0.050,₱17.49B,3.06,,4.54B,N/A (),,353.8K
LSC,0.39,,₱0.034,,,₱371.61M,20,,,N/A (),,24.66K
LTG,0.64,3.00%,₱2.31,03-Jun-20,₱0.28,₱111.63B,4.32,,,N/A (),,2.19M
MA,0.22,,₱0.000,,,₱3.03B,,,186.96B,N/A (),,14.41M
MAC,1.06,1.04%,₱0.236,18-Apr-23,₱0.050,₱8.91B,20.42,,1.89B,N/A (),,779.66K
MACAY,0.24,0.00%,-₱0.10,09-Sep-19,₱0.20,₱6.63B,,,,N/A (),,481.54
MAH,1.03,,₱0.011,,,₱230.82M,70.64,,,N/A (),,13.38K
MARC,0.32,,₱0.112,,,₱3.11B,8.97,,,N/A (),,851.2K
MAXS,0.65,4.05%,₱1.018,27-Mar-23,₱0.193,₱3.66B,4.68,,1.04B,N/A (),,96.4K
MB,0.33,,₱0.013,,,₱1.16B,24.23,,,N/A (),,70.31K
MBC,-0.04,0.00%,₱0.31,23-Jan-19,₱0.30,₱3.22B,21.43,,,N/A (),,567.69
MBT,0.86,5.10%,₱7.85,14-Mar-22,₱1.40,₱265.72B,7.5,,,N/A (),,2.36M
MED,0.43,,₱-0.002,,,₱502.33M,,,2.75B,N/A (),,66K
MEDIC,0.5,,₱0.070,,,₱1.62B,8.17,,2.75B,N/A (),,407.35K
MEG,0.9,3.09%,₱0.461,26-Oct-22,₱0.061,₱62.06B,4.31,,31.22B,N/A (),,38.78M
MER,0.63,5.21%,₱27.45,24-Mar-23,₱11.03,₱369.63B,11.78,0.05%,,150.08K (07/15/21),-1.48%,422.79K
MFC,0.27,6.02%,₱121.16,23-Feb-23,₱14.79,₱2.01T,8.25,,1.86B,N/A (),,38.62
MFIN,0.95,0.26%,₱0.066,22-Aug-22,₱0.005,₱565.5M,31.67,,269.28M,N/A (),,4.57K
MG,0.42,,₱-0.004,,,₱303.32M,,,2.37B,N/A (),,206.92K
MGH,,,₱0.004,,,,238.1,,,N/A (),,
MHC,0.57,,-₱0.053,,,₱208.87M,,,,N/A (),,13.23K
MJC,0.17,3.94%,₱0.766,27-Dec-22,₱0.050,₱1.93B,1.66,,,N/A (),,13.03K
MJIC,0.01,,-₱0.276,,,₱3.17B,,,,N/A (),,1.71K
MM,0.84,,₱0.005,,,₱9.19B,269.05,,7.59B,N/A (),,1.84M
MONDE,0.78,,-₱0.72,,,₱153.63B,,,17.97B,N/A (),,8.32M
MPI,0.87,2.48%,₱0.336,22-Mar-23,₱0.076,₱127.7B,13.23,,28.7B,N/A (),,35.4M
MRC,0.63,,₱0.003,,,₱2.01B,70.91,,,N/A (),,22.83M
MREIT,0.24,6.61%,-₱0.08,19-Jan-23,₱0.24,₱41.1B,,,2.8B,N/A (),,385K
MRSGI,0.43,4.29%,₱0.287,14-Apr-23,₱0.060,₱4.54B,4.89,,3.27B,N/A (),,284.31K
MVC,-0.12,1.81%,₱0.60,23-May-23,₱0.10,₱3.65B,9.15,,,N/A (),,2.13K
MWC,0.49,5.11%,₱1.97,09-Oct-19,₱0.46,₱57.62B,9.92,,2.88B,N/A (),,1M
MWIDE,0.77,,-₱0.629,,,₱6.44B,,,2.01B,N/A (),,2.37M
NI,0.15,,-₱0.245,,,₱696.9M,,,,N/A (),,40.51K
NIKL,0.64,2.73%,₱0.58,22-Mar-21,₱0.14,₱85.35B,10.69,,13.88B,N/A (),,7.87M
NOW,0.89,,₱0.006,,,₱3.05B,286.21,,1.81B,N/A (),,3.71M
NRCP,0.25,,-₱0.130,,,₱1.1B,,,,N/A (),,52.43K
NXGEN,,,-₱0.020,,,₱728.09M,,,,N/A (),,
OM,0.67,,-₱0.009,,,₱309.89M,,,,N/A (),,22.15K
OPM,0.21,5.32%,₱-0.001,19-Jul-22,₱0.001,₱1.92B,,,,N/A (),,23.34M
ORE,0.52,,₱0.152,,,₱2.25B,5.26,,,N/A (),,2.37M
OV,0.21,,₱-0.002,,,₱1.73B,,,,N/A (),,12.25M
PA,0.55,,₱-0.001,,,₱588.25M,,,,N/A (),,7.57K
PAL,0.45,,₱0.70,,,₱63.86B,8.02,,,N/A (),,30.34K
PAX,-0.1,,₱0.021,,,₱1.45B,84.91,,,N/A (),,15.38
PBB,0.33,,₱2.15,,,₱6.14B,3.48,,818.75M,N/A (),,69.63K
PBC,0.02,,₱3.66,,,₱7.01B,3.98,,,N/A (),,541.69
PCOR,0.49,2.99%,-₱0.014,15-Mar-23,₱0.100,₱31.41B,,,,N/A (),,3.51M
PCP,,,,,,,,,,N/A (),,
PERC,0.2,1.00%,₱0.82,10-Aug-22,₱0.05,₱2.63B,6.07,,,N/A (),,37.17K
PGOLD,0.48,2.65%,₱3.33,05-Jan-23,₱0.86,₱95.19B,9.76,,2.88B,N/A (),,921.09K
PHA,0.85,,₱-0.001,,,₱1.46B,,,5.71B,N/A (),,3.11M
PHC,,,₱0.035,,,,0,,,N/A (),,
PHES,0.32,,₱0.005,,,₱1.08B,70.75,,2.89B,N/A (),,176.92K
PHN,0.19,3.13%,₱3.46,20-Nov-19,₱0.40,₱5.49B,5.56,,286.33M,N/A (),,17.71K
PHR,0.4,,-₱0.159,,,₱3.5B,,,7.28B,N/A (),,3.02M
PIZZA,0.33,0.34%,₱0.52,29-Jun-22,₱0.03,₱14.65B,17.1,,1.68B,N/A (),,181.38K
PLC,0.59,10.25%,₱0.047,03-Mar-20,₱0.050,₱14.76B,10.4,,31.22B,N/A (),,4.6M
PLUS,0.42,,₱0.204,,,₱8.97B,12.62,,3.72B,N/A (),,2.32M
PMPC,0.29,4.78%,₱0.03,01-Jun-22,₱0.25,₱2.2B,168.06,,,N/A (),,4.23K
PNB,0.48,,₱8.87,,,₱28.17B,2.09,,,N/A (),,95.65K
PNC,,,,,,,,,,N/A (),,
PNX,0.22,0.00%,-₱1.59,03-Apr-19,₱0.15,₱11.39B,,,1.44B,N/A (),,71.01K
PORT,,,,,,,,,,N/A (),,
PPC,0.14,5.22%,₱0.81,23-May-23,₱0.14,₱10.18B,6.61,,1.9B,N/A (),,304.13K
PRC,0.13,1.15%,₱0.24,02-May-23,₱0.08,₱3.8B,29.54,,546.71M,N/A (),,44.62
PREIT,0.03,4.43%,,09-May-23,₱0.068,,,,3.29B,N/A (),,1.25M
PRIM,0.36,,-₱0.011,,,₱1.83B,,,,N/A (),,475.68K
PRMX,0.39,,₱0.014,,,₱5.35B,223.61,,,N/A (),,162.02K
PSB,0.21,5.45%,₱8.62,10-May-23,₱0.75,₱24.07B,6.38,,426.86M,N/A (),,952.77
PSE,0.17,6.02%,₱9.13,08-Apr-19,₱4.35,₱13.52B,18.19,,81.96M,N/A (),,1.93K
PTC,0.2,,₱0.63,,,₱115B,182.54,,,N/A (),,14.92
PTT,,,-₱0.013,,,,,,,N/A (),,
PX,0.37,,₱0.285,,,₱17.23B,10.32,,5.78B,N/A (),,4.07M
PXP,0.55,,-₱0.02,,,₱11.33B,,,,N/A (),,627.95K
RCB,0.36,4.53%,₱6.66,05-Apr-23,₱1.08,₱48.59B,3.58,,2.04B,N/A (),,67.38K
RCI,0.32,,₱0.029,,,₱996.02M,15.75,,2.24B,N/A (),,505.43K
RCR,0.33,6.61%,-₱0.50,17-May-23,₱0.10,₱58.6B,,,9.95B,N/A (),,1.22M
REG,0.29,0.98%,₱0.073,22-Nov-22,₱0.030,₱2.09B,42.21,,,N/A (),,9.8K
RFM,0.13,7.45%,₱0.258,12-Sep-22,₱0.059,₱10.78B,12.5,,3.37B,N/A (),,275.03K
RLC,1.09,3.54%,₱1.65,13-Jun-19,₱0.50,₱71.82B,8.9,,4.9B,N/A (),,8.03M
RLT,0.36,,₱0.025,,,₱1.63B,7.03,,9.1B,N/A (),,325.69K
ROCK,0.29,3.89%,₱0.376,13-Oct-22,₱0.054,₱8.38B,3.67,,,N/A (),,31.58K
ROX,0.09,,-₱0.511,,,₱1.16B,,,,N/A (),,11.68K
RRHI,0.47,3.81%,₱3.51,29-May-20,₱1.00,₱77.35B,14.98,,1.47B,N/A (),,284.04K
SBS,0.83,0.00%,₱0.067,14-Jul-22,₱0.025,₱6.2B,59.61,,,N/A (),,8.98K
SCC,0.72,6.41%,₱7.97,07-Apr-21,₱1.25,₱118.8B,3.53,,,N/A (),,2M
SECB,0.72,3.28%,₱13.51,07-Nov-22,₱1.50,₱70.98B,6.76,,,N/A (),,553.4K
SEVN,0.09,0.00%,₱3.15,30-Jul-20,₱0.30,₱64.26B,26.82,,,N/A (),,32.79K
SFI,0.24,,₱0.013,,,₱127.01M,5.04,,,N/A (),,401.23K
SGI,0.13,6.59%,₱0.235,26-Jul-22,₱0.060,₱1.66B,3.88,,,N/A (),,94.63K
SGP,0.3,9.93%,₱2.85,20-Mar-23,₱0.17,₱52.4B,3.37,,5.27B,N/A (),,1.33M
SHLPH,0.39,6.23%,₱2.53,22-Aug-22,₱1.00,₱25.88B,6.36,,,N/A (),,145.79K
SHNG,0.05,9.06%,₱0.763,03-Apr-23,₱0.155,₱12.9B,3.62,,2B,N/A (),,231.2K
SLF,-0.07,4.82%,₱213.39,23-Feb-23,₱29.18,₱1.57T,12.03,,586.34M,N/A (),,88.77
SLI,0.15,,₱0.418,,,₱27.38B,7.74,,8.3B,N/A (),,197.75K
SM,1.12,0.81%,₱43.00,08-May-23,₱7.50,₱1.13T,21.5,,1.22B,N/A (),,343.15K
SMC,0.58,1.33%,-₱8.15,28-Mar-23,₱0.35,₱244.99B,,,,N/A (),,163.89K
SMPH,1.07,0.72%,₱1.11,05-May-23,₱0.24,₱970.34B,29.64,,,N/A (),,8.58M
SOC,0.2,,₱0.035,,,₱378.81M,12.14,,,N/A (),,5.66K
SPC,0.26,,₱0.85,,,₱13.77B,10.82,,,N/A (),,71.99K
SPM,0.36,,₱0.007,,,₱293.4M,243.24,,,N/A (),,5.63K
SPNEC,0.71,,-₱0.007,,,₱14B,,,10B,N/A (),,47.72M
SRDC,,,₱0.062,,,₱88M,12.86,,,N/A (),,
SSI,0.81,1.05%,₱0.585,05-Jul-19,₱0.015,₱8.38B,4.38,,3.3B,N/A (),,3.13M
SSP,0.48,3.86%,₱0.327,14-Mar-23,₱0.067,₱3.79B,5.35,,2.11B,N/A (),,569.31K
STI,0.37,4.29%,₱0.061,03-Jan-23,₱0.015,₱3.24B,5.76,,,N/A (),,2.16M
STN,,,₱0.203,,,,0,,,N/A (),,
STR,0.33,0.94%,₱0.908,12-Oct-21,₱0.016,₱23.68B,3.08,,,N/A (),,12.09K
SUN,0.53,,-₱0.077,,,₱7.03B,,,7.25B,N/A (),,150.28K
T,0.36,,-₱0.423,,,₱620.4M,,,,N/A (),,20.54K
TBGI,0.65,,₱0.002,,,₱683.21M,72.16,,,N/A (),,1.88M
TECH,0.81,0.00%,₱0.215,13-Sep-18,₱0.250,₱1.97B,13.71,,668.51M,N/A (),,1.44M
TEL,0.67,7.62%,₱47.96,03-Apr-23,₱14.00,₱266.83B,25.16,,,N/A (),,130.19K
TFC,0.72,3.06%,₱2.78,05-Jan-21,₱1.50,₱1.72B,17.66,,,N/A (),,205.69
TFHI,0.15,,-₱49.19,,,₱16.34B,,,,N/A (),,899.08
TUGS,0.66,,₱-0.002,,,₱867.75M,,,,N/A (),,541.85K
UBP,0.19,2.48%,₱5.96,10-Feb-23,₱2.00,₱188.3B,13.51,,2.35B,N/A (),,864.92K
UNI,0.38,,,,,₱391.03M,,,,N/A (),,
UPM,0.24,,₱0.000,,,₱1.33B,,,,N/A (),,3.95M
UPSON,-0.31,,,,,,,,3.29B,N/A (),,2.09M
URC,0.86,0.99%,₱6.38,16-Aug-21,₱1.80,₱334.42B,23.76,,2.18B,N/A (),,846.3K
V,0.13,,-₱0.018,,,₱2.98B,,,,N/A (),,44.52K
VITA,0.65,,₱0.042,,,₱1.89B,14.66,,,N/A (),,403.95K
VLL,0.75,1.71%,₱0.512,11-Oct-22,₱0.029,₱20.79B,3.34,,,N/A (),,2.14M
VMC,0.1,,₱0.538,,,₱8.23B,5.57,,,N/A (),,34.54K
VREIT,0.1,,,,,₱11.77B,,,7.5B,N/A (),,405.74K
VUL,0.8,,₱-0.004,,,₱1.57B,,,,N/A (),,1.91M
VVT,-0.15,2.99%,₱1.56,25-May-22,₱0.43,₱14.84B,9.3,,,N/A (),,686.15
WEB,0.81,,₱0.013,,,₱2.22B,142.52,,,N/A (),,705.03K
WIN,0.19,,₱-0.001,,,₱768.9M,,,,N/A (),,71.23K
WLCON,0.43,1.36%,₱0.97,15-Mar-22,₱0.06,₱109.05B,28.11,,,N/A (),,1.47M
WPI,0.38,,₱0.079,,,₱1.12B,5.67,,,N/A (),,209.38K
X,0.56,,-₱0.026,,,₱565.02M,,,2.05B,N/A (),,440.15K
ZHI,0.7,,₱0.000,,,₱328.45M,,,,N/A (),,195.38K